<?xml version="1.0" encoding="UTF-8"?>
<project-private xmlns="http://www.netbeans.org/ns/project-private/1">
    <editor-bookmarks xmlns="http://www.netbeans.org/ns/editor-bookmarks/2" lastBookmarkId="0"/>
    <open-files xmlns="http://www.netbeans.org/ns/projectui-open-files/2">
        <group>
            <file>file:/C:/Users/sazo/Downloads/Mi_Casita_Segura_modificado/Mi_Casita_SeguraP/web/index.jsp</file>
            <file>file:/C:/Users/sazo/Downloads/Mi_Casita_Segura_modificado/Mi_Casita_SeguraP/src/java/ModeloDAO/PersonaDAO.java</file>
            <file>file:/C:/Users/sazo/Downloads/Mi_Casita_Segura_modificado/Mi_Casita_SeguraP/web/vistas/Mantenimiento.jsp</file>
            <file>file:/C:/Users/sazo/Downloads/Mi_Casita_Segura_modificado/Mi_Casita_SeguraP/src/java/Controlador/Controlador.java</file>
        </group>
    </open-files>
</project-private>
